,Brand,Processor,Operating System,Storage,RAM,Screen Size,Touch_Screen,Price
0,0,0,0,0.5,8,39.62,0,42889
1,0,0,0,0.5,8,39.62,0,41789
2,1,1,1,0.25,8,33.78,0,78089
3,1,1,1,0.25,8,33.78,0,78089
4,1,1,1,0.25,8,33.78,0,78089
5,2,2,0,0.5,16,39.62,0,54989
7,0,3,0,0.5,8,39.62,0,51689
8,3,0,0,0.25,8,39.62,0,30789
9,0,4,0,0.5,8,39.62,0,50589
10,0,3,0,0.5,16,39.62,0,59389
11,0,3,0,1.0,16,35.56,0,73698
12,4,3,0,0.5,8,39.62,0,50598
13,3,3,0,2.0,8,39.62,0,52789
14,3,5,0,0.25,4,39.62,0,21989
15,0,3,0,0.5,8,39.62,0,54989
16,3,6,0,0.5,16,39.62,0,85789
18,5,7,0,0.5,8,39.62,0,32989
19,0,4,0,0.5,16,35.56,0,60489
20,0,3,0,0.5,16,39.62,0,73689
21,4,0,0,0.5,8,39.62,0,39578
22,6,3,0,0.5,16,39.62,0,52789
23,3,0,0,0.5,8,39.62,0,43989
24,0,0,0,0.5,8,39.62,0,42889
25,0,0,0,0.5,8,39.62,0,41789
26,4,0,0,0.5,8,96.52,0,40128
27,2,0,0,0.5,8,100.63,0,39589
28,0,3,0,0.5,8,39.62,0,51689
29,0,3,0,0.5,16,39.62,0,59389
30,0,4,0,0.5,8,39.62,0,42889
31,0,4,0,0.5,16,40.89,0,97247
32,7,4,0,0.5,8,35.56,0,37389
33,0,3,0,1.0,16,35.56,0,73698
34,0,3,0,0.5,8,39.62,0,54989
35,3,0,0,2.0,16,39.62,0,37389
36,7,3,0,0.5,16,39.62,0,58289
37,3,6,0,0.5,16,39.62,0,85789
38,0,4,0,0.5,16,35.56,0,60489
39,4,0,0,0.5,8,39.62,0,39578
40,7,6,0,2.0,16,39.62,0,60489
41,7,0,0,0.5,8,35.56,0,31889
42,3,0,0,0.5,8,39.62,0,40689
43,0,3,0,0.5,16,39.62,0,73689
44,0,3,0,0.5,8,39.62,0,59389
45,8,0,0,0.5,8,35.56,0,30789
46,7,2,0,4.0,16,39.62,0,73458
47,0,0,0,0.5,8,39.62,0,42889
48,0,0,0,0.5,8,39.62,0,41789
49,0,8,2,0.5,8,39.62,1,33550
50,9,5,0,0.125,4,35.81,0,13189
51,5,3,0,0.5,16,39.62,0,63789
52,0,3,0,0.5,8,39.62,0,51689
53,0,3,0,0.5,16,39.62,0,59389
54,5,2,0,1.0,16,39.62,0,98989
55,3,0,0,1.0,8,39.62,0,40689
56,0,3,0,1.0,16,35.56,0,73698
57,0,3,0,0.5,8,39.62,0,54989
58,3,0,0,2.0,8,39.62,0,47887
59,10,5,0,0.25,8,35.81,0,20889
60,2,0,0,0.5,8,39.62,0,36124
62,3,6,0,0.5,16,39.62,0,85789
63,0,4,0,0.5,16,35.56,0,60489
64,3,9,0,1.0,8,39.62,0,37389
66,0,3,0,0.5,16,39.62,0,73689
67,0,3,0,0.5,8,39.62,0,59389
68,4,3,0,1.0,8,39.62,0,54989
69,2,3,0,0.5,16,40.64,0,67309
70,1,10,3,0.25,8,33.78,0,109989
71,6,3,0,0.5,8,39.62,0,76989
72,0,0,0,0.5,8,39.62,0,41789
73,0,3,0,0.5,8,39.62,0,51689
74,2,4,0,0.5,8,100.63,0,50589
75,0,0,0,0.5,8,39.62,0,44539
76,0,3,0,0.5,16,39.62,0,59389
77,0,3,0,1.0,16,35.56,0,73698
78,5,0,0,0.25,8,39.62,0,32978
79,8,0,0,0.5,8,39.62,0,28589
80,3,3,0,1.0,8,39.62,0,52789
81,0,3,0,0.5,16,39.62,0,73689
82,0,3,0,0.5,8,39.62,0,54989
83,3,6,0,0.5,16,39.62,0,85789
84,3,6,0,0.5,16,35.56,1,71489
85,0,4,0,0.5,8,39.62,0,47839
86,0,4,0,0.5,16,35.56,0,60489
87,0,3,0,0.5,8,39.62,0,59389
88,3,7,0,0.5,8,39.62,0,50589
89,3,0,0,0.5,8,35.56,0,39589
90,8,3,0,0.5,16,39.62,0,38489
91,0,3,0,0.5,16,39.62,1,97559
92,0,0,0,0.5,8,39.62,0,42889
93,0,0,0,0.5,8,39.62,0,41789
94,5,3,0,0.5,16,35.56,0,62689
95,5,2,0,0.5,16,39.62,0,95689
96,0,3,0,0.5,8,39.62,0,51689
97,0,3,0,0.5,16,39.62,0,59389
98,7,3,0,0.5,8,35.56,0,40689
99,3,6,0,0.5,16,40.64,0,63129
100,8,11,0,0.5,8,39.01,0,26389
101,0,4,0,0.5,16,35.56,0,60489
102,0,3,0,1.0,16,35.56,0,73698
103,0,3,0,0.5,8,39.62,0,54989
104,4,3,0,0.5,8,39.62,0,50589
105,3,0,0,2.0,8,39.62,0,30789
106,3,6,0,0.5,16,39.62,0,85789
107,0,3,0,0.5,16,39.62,0,73689
108,0,8,0,0.5,8,39.62,0,34098
109,0,4,0,0.5,8,39.62,0,64680
110,0,0,0,0.5,8,35.56,0,47683
111,0,3,0,0.5,8,39.62,0,66539
112,0,3,4,0.25,8,35.56,0,69289
113,0,0,0,0.5,8,39.62,0,41789
114,0,3,0,0.5,8,39.62,0,51689
116,7,4,0,0.5,16,35.56,0,41789
117,0,12,0,0.5,8,39.62,0,33759
118,0,0,0,0.5,8,39.62,0,42889
119,0,3,0,0.5,16,39.62,0,59389
120,1,10,3,0.25,8,34.54,0,115489
121,0,8,2,0.5,8,39.62,0,26398
122,0,3,0,1.0,16,35.56,0,73698
123,0,3,4,0.25,8,35.56,0,69289
124,3,9,0,1.0,8,39.62,0,43989
125,2,4,0,0.5,8,39.62,0,38489
126,3,9,0,0.5,8,39.62,0,43989
127,3,6,0,0.5,16,39.62,0,85789
128,0,4,0,0.5,16,35.56,0,60489
129,0,0,0,0.5,8,39.62,0,41789
130,0,0,0,0.25,8,35.56,0,39589
131,0,3,0,0.5,16,39.62,0,73689
132,0,3,0,0.5,8,39.62,0,66539
133,0,3,0,0.5,8,39.62,0,59389
134,2,0,0,0.5,8,39.62,0,49489
135,0,3,0,0.5,16,35.56,0,70398
136,3,3,0,0.5,16,35.56,1,84689
137,0,0,0,0.5,8,39.62,0,42889
138,0,0,0,0.5,8,39.62,0,41789
139,11,3,0,0.5,8,39.62,0,30789
140,0,11,4,0.0625,4,35.56,1,26950
141,0,3,0,0.5,8,39.62,0,51689
142,0,3,0,0.5,16,39.62,0,59389
143,2,6,0,0.5,16,39.62,0,112189
144,9,3,0,0.5,8,35.81,1,21989
145,3,3,0,1.0,8,39.62,0,61589
146,8,3,0,0.5,16,39.62,0,53889
147,0,3,0,1.0,16,35.56,0,73698
148,0,3,0,0.5,8,39.62,0,54989
149,8,3,0,0.5,8,39.62,0,32989
150,10,0,0,0.5,12,34.29,1,37389
151,3,6,0,0.5,16,39.62,0,85789
152,0,4,0,0.5,16,35.56,0,60489
154,7,2,0,2.0,16,39.62,0,87989
155,3,0,0,0.5,16,35.56,0,39589
156,5,3,0,0.5,16,39.62,0,49489
157,0,3,0,0.5,16,39.62,0,73689
158,0,3,0,0.5,8,39.62,0,59389
159,3,4,0,1.0,16,40.64,0,59389
160,2,4,0,0.5,16,39.62,0,62689
161,0,0,0,0.5,8,39.62,0,41789
162,0,3,0,1.0,16,35.56,0,73698
163,7,3,0,2.0,16,39.62,0,82489
164,3,3,0,0.5,16,40.64,0,67089
165,0,3,0,0.5,16,39.62,0,63789
166,0,3,0,0.5,16,39.62,0,59389
167,0,0,0,0.5,8,39.62,0,42889
168,0,3,0,0.5,8,39.62,0,54989
169,3,6,0,0.5,16,39.62,0,85789
170,0,2,0,0.5,16,39.62,0,87549
171,2,3,0,0.5,8,39.62,0,56089
172,0,4,0,0.5,16,35.56,0,60489
173,0,3,0,0.5,16,39.62,0,73689
174,8,11,0,0.25,8,35.56,0,27489
175,2,4,0,0.5,16,39.62,0,74679
176,0,3,0,0.5,8,39.62,0,59389
177,0,3,0,0.5,8,39.62,0,66539
178,4,0,0,0.5,8,96.52,0,40689
179,0,4,0,0.5,8,38.1,0,56089
180,2,0,0,0.5,8,39.62,0,49489
181,7,3,0,4.0,16,39.62,0,56089
183,0,0,0,0.5,8,39.62,0,42889
184,3,3,0,0.5,16,40.64,0,67089
185,0,4,0,0.5,8,39.62,0,63789
186,0,0,0,0.5,8,39.62,0,41789
187,0,3,0,0.5,8,39.62,0,51689
188,3,4,0,1.0,16,40.64,0,59389
189,3,3,0,0.5,8,39.62,0,52789
190,0,3,0,0.5,16,39.62,1,97559
191,3,6,0,0.5,16,39.62,0,85789
192,0,3,0,0.5,16,39.62,0,59389
193,0,3,0,1.0,16,35.56,0,73698
194,7,3,0,2.0,16,39.62,0,82489
195,8,11,0,0.5,8,39.01,0,26389
196,0,3,0,0.5,8,39.62,0,54989
197,0,4,0,0.5,16,35.56,0,60489
198,3,4,0,1.0,8,35.56,1,64889
199,4,3,0,0.5,8,39.62,1,48389
200,6,2,0,0.5,16,39.62,0,98989
201,0,0,0,0.5,8,39.62,0,42889
202,0,0,0,0.5,8,39.62,0,41789
203,0,3,0,0.5,8,39.62,0,58289
204,3,6,0,1.0,16,39.62,0,54989
205,0,3,0,0.5,8,39.62,0,51689
206,0,3,0,0.5,16,39.62,0,59389
207,6,3,0,0.5,16,39.62,0,82489
208,4,0,5,0.25,8,38.0,0,38489
209,8,2,0,1.0,16,39.62,0,45089
210,3,9,0,0.5,8,35.81,0,37948
211,0,3,0,1.0,16,35.56,0,73698
212,0,3,0,0.5,8,39.62,0,54989
213,8,0,0,0.5,8,39.62,0,30239
214,4,3,0,0.5,8,39.62,0,58828
215,0,0,0,0.5,8,39.62,0,42889
216,0,0,0,0.5,8,39.62,0,41789
217,0,13,4,0.25,8,33.78,0,39589
218,3,14,6,1.0,16,35.56,0,98989
219,0,3,0,0.5,8,39.62,0,51689
220,0,3,0,0.5,16,39.62,0,59389
221,11,3,0,0.5,8,39.62,0,30789
222,2,9,0,0.5,8,39.62,0,32780
223,3,5,0,1.0,8,39.62,0,27489
224,0,6,0,0.5,16,39.62,0,73689
225,0,3,0,1.0,16,35.56,0,73698
226,0,3,0,0.5,8,39.62,0,54989
227,8,2,0,1.0,16,39.62,0,45089
228,0,4,0,0.5,16,35.56,0,50039
229,3,6,0,0.5,16,39.62,0,85789
230,0,3,0,0.5,16,39.62,0,56098
231,0,5,4,0.125,4,39.62,0,24310
232,2,5,2,0.25,8,39.62,0,24189
233,3,6,0,0.5,16,39.62,0,74789
234,0,3,0,0.5,16,39.62,0,73689
235,0,3,0,0.5,8,39.62,0,59389
236,8,11,0,0.125,4,39.62,0,23089
237,5,9,0,0.25,8,39.62,0,30789
238,0,0,0,0.5,8,39.62,0,42889
239,4,0,0,0.5,8,40.64,1,48389
240,5,3,0,0.5,16,39.62,0,71489
241,3,3,0,0.5,16,39.62,0,65450
242,8,3,0,0.5,16,35.56,0,42889
243,0,3,0,0.5,8,39.62,0,51689
244,0,3,0,0.5,16,39.62,0,59389
245,12,3,0,0.5,16,39.62,0,36289
246,8,0,0,0.25,8,39.62,0,31669
247,0,0,0,0.5,8,39.62,0,42889
248,0,0,0,0.5,8,39.62,0,41789
249,0,6,0,0.5,16,39.62,0,59389
250,13,15,7,0.125,4,29.46,0,18689
251,0,3,0,0.5,8,39.62,0,51689
252,0,3,0,0.5,16,39.62,0,59389
253,2,6,0,1.0,16,39.62,0,109989
255,0,5,4,0.125,4,39.62,0,28528
256,0,3,0,1.0,16,35.56,0,73698
257,0,3,0,0.5,8,39.62,0,54989
258,12,0,0,0.5,8,39.62,0,35189
259,3,6,0,1.0,16,39.62,1,93489
260,3,6,0,0.5,16,39.62,0,85789
261,0,4,0,0.5,16,35.56,0,60489
262,3,16,0,0.5,16,17.78,1,58289
263,8,3,0,0.5,16,39.62,0,41789
264,3,6,0,1.0,16,39.62,0,90189
265,7,2,0,4.0,16,43.94,0,103389
266,0,3,0,0.5,16,39.62,0,73689
267,0,3,0,0.5,8,39.62,0,59389
268,0,2,0,0.5,16,39.62,0,75210
269,2,5,0,0.25,8,39.62,0,29689
270,0,0,0,0.5,8,39.62,0,41789
271,0,3,0,0.5,8,39.62,0,51689
272,3,4,0,0.5,8,39.62,0,56089
273,3,3,0,0.5,16,40.64,0,76989
274,0,4,0,0.5,8,39.62,0,70840
275,11,0,0,0.25,8,39.62,0,27489
276,0,3,0,0.5,16,39.62,0,59389
278,0,3,0,0.5,8,39.62,0,59389
279,0,3,0,1.0,16,35.56,0,73698
280,0,3,0,0.5,8,39.62,0,54989
281,4,3,0,1.0,16,39.62,0,71489
282,3,5,4,0.0625,4,35.56,1,26398
283,5,0,0,0.5,8,39.62,0,35079
284,5,3,0,0.5,8,39.62,0,69289
285,3,6,0,0.5,16,39.62,0,85789
286,0,4,0,0.5,16,35.56,0,60489
287,7,2,0,2.0,16,39.62,0,87989
288,0,4,0,0.5,16,39.62,1,60498
289,0,3,0,0.5,16,39.62,0,73689
290,0,3,0,0.5,8,39.62,0,59389
291,0,3,0,0.5,8,35.56,0,63448
292,4,3,0,0.5,8,39.62,0,77218
293,4,6,0,0.5,16,96.52,0,102303
294,2,6,0,0.5,16,39.62,0,108889
295,0,0,0,0.5,8,39.62,0,42889
296,0,0,0,0.5,8,39.62,0,41789
297,8,2,0,1.0,32,39.62,0,63789
299,0,3,0,0.5,8,39.62,0,51689
300,0,3,0,0.5,16,39.62,0,59389
302,0,0,0,0.5,8,39.62,1,43505
303,7,2,0,4.0,16,39.62,0,114389
304,0,3,0,1.0,16,35.56,0,73698
305,0,0,0,0.5,8,39.62,0,42350
306,5,3,0,0.5,8,39.62,0,54989
307,3,2,0,1.0,16,39.62,1,82489
308,3,3,0,3.0,8,43.94,0,94589
309,0,4,0,0.5,8,39.62,0,47850
311,0,3,0,0.5,16,39.62,0,73689
312,0,3,0,0.5,8,39.62,0,59389
313,2,2,0,0.5,16,39.62,0,118789
314,0,0,0,0.5,8,39.62,0,51830
315,10,3,0,1.0,16,35.56,0,36289
316,10,0,0,0.5,8,35.56,0,27489
317,3,3,0,2.0,16,39.62,0,94589
318,4,8,5,1.0,8,39.62,0,39440
319,3,3,0,0.5,16,40.64,0,76989
320,0,0,0,0.5,8,39.62,0,57475
321,10,0,0,0.5,12,34.29,1,37389
322,0,0,0,0.5,8,39.62,0,42889
323,7,2,0,2.0,16,39.62,0,100089
324,3,0,0,0.5,8,39.62,0,37389
325,0,0,0,0.5,8,39.62,0,41789
326,0,3,0,0.5,8,39.62,0,51689
327,3,3,0,0.5,8,39.62,1,52789
328,0,0,0,0.5,8,39.62,1,42350
329,8,3,0,0.5,16,35.56,0,38489
330,4,0,0,0.5,8,39.62,0,46200
331,0,3,0,0.5,16,39.62,0,59389
332,0,3,0,0.5,8,39.62,0,54989
334,0,3,0,0.5,16,40.89,0,104489
335,0,3,0,1.0,16,35.56,0,73698
336,0,4,0,0.5,16,35.56,0,60489
337,8,0,0,0.25,8,39.62,0,32989
338,3,17,4,0.125,4,26.67,1,25289
340,3,0,0,0.5,8,39.62,0,50589
341,0,0,0,0.5,8,39.62,0,41789
342,0,3,0,0.5,8,39.62,0,51689
343,3,0,0,0.5,8,39.62,0,50050
344,3,3,0,0.5,8,39.62,0,49627
345,0,0,0,0.5,8,39.62,0,42889
346,0,3,0,0.5,16,39.62,0,59389
347,2,0,0,0.25,8,39.62,0,35739
348,2,9,2,0.5,8,39.62,0,30789
350,4,4,0,0.5,8,35.56,0,42889
351,0,3,0,1.0,16,35.56,0,73698
352,0,3,0,0.5,8,39.62,0,54989
353,5,3,0,0.5,8,39.62,0,53889
354,5,3,0,0.5,8,39.62,1,43283
355,3,6,0,0.5,16,39.62,0,85789
356,0,4,0,0.5,16,35.56,0,60489
357,2,19,4,0.125,8,35.56,0,23089
358,0,2,0,0.5,16,35.56,1,98989
359,0,3,0,0.5,8,35.56,0,67089
360,2,9,0,0.5,8,39.62,0,37398
361,0,0,0,0.5,8,39.62,0,42889
362,0,0,0,0.5,8,39.62,0,41789
363,3,9,0,0.5,8,35.56,0,37939
364,8,2,0,0.5,16,35.56,0,53889
365,0,3,0,0.5,8,39.62,0,51689
366,0,3,0,0.5,16,39.62,0,59389
367,4,8,5,1.0,8,39.62,0,39440
368,0,4,6,0.5,8,35.56,0,58520
369,4,4,0,0.5,16,35.56,0,56089
370,0,0,0,2.0,8,39.62,0,41239
371,0,3,0,1.0,16,35.56,0,73698
372,0,3,0,0.5,8,39.62,0,54989
373,5,4,0,0.5,8,35.56,0,60489
374,0,3,0,0.5,16,39.62,0,63789
375,3,6,0,0.5,16,39.62,0,85789
376,0,4,0,0.5,16,35.56,0,60489
378,7,3,0,4.0,8,39.62,0,80289
380,0,3,0,0.5,16,39.62,0,73689
381,0,3,0,0.5,8,39.62,0,59389
382,2,0,0,0.5,8,35.56,0,38489
383,4,6,0,0.5,16,96.52,0,102303
384,10,3,0,1.0,16,35.56,0,36289
385,0,0,0,0.5,8,39.62,0,42889
386,0,3,0,0.5,16,35.56,1,72048
387,4,3,0,1.0,8,35.56,1,74679
388,4,0,0,0.5,8,39.62,0,41674
389,4,3,0,0.5,8,35.56,1,59939
390,0,0,0,0.5,8,39.62,0,41789
391,0,3,0,0.5,8,39.62,0,51689
392,3,0,0,0.5,8,39.62,0,37389
393,5,3,0,0.5,8,39.62,0,53889
394,0,3,0,0.5,16,39.62,0,59389
395,0,3,0,0.5,8,39.62,0,54989
396,0,2,0,0.5,16,35.56,1,98989
397,4,0,0,1.0,8,96.52,0,42348
398,3,20,0,0.5,16,17.78,1,65989
399,5,4,6,1.0,8,39.62,0,69289
400,0,3,0,1.0,16,35.56,0,73698
401,0,4,0,0.5,16,35.56,0,60489
402,0,3,0,0.5,8,39.62,0,54723
403,3,5,4,0.125,4,39.62,0,18689
404,3,6,0,0.5,16,39.62,0,85789
405,0,3,0,0.5,16,39.62,0,73689
406,3,3,0,0.5,16,35.56,0,65989
407,2,6,0,0.5,16,39.62,0,92389
408,2,4,0,0.5,8,39.62,0,58179
409,4,3,0,0.5,8,39.62,1,50589
410,0,3,0,0.5,16,39.62,0,59389
411,0,0,0,0.5,8,39.62,0,41789
413,5,5,4,0.125,8,35.56,0,26389
414,0,3,0,0.5,8,39.62,0,51689
415,0,0,0,0.5,8,39.62,0,42889
417,8,11,0,0.125,4,39.62,0,23089
418,3,3,0,0.5,8,39.62,0,54989
419,0,6,0,0.5,16,39.62,1,71060
420,0,3,0,0.5,8,39.62,0,54989
421,0,3,0,1.0,16,35.56,0,73698
422,14,3,0,0.5,16,39.62,0,80289
423,2,0,0,0.25,8,39.62,0,37939
424,0,4,0,0.5,16,35.56,0,60489
425,3,6,0,0.5,16,39.62,0,85789
426,3,0,0,0.5,8,39.62,0,41789
428,7,3,0,4.0,16,39.62,0,53889
430,0,3,0,0.5,16,39.62,0,73689
431,0,3,0,0.5,8,39.62,0,59389
432,2,4,0,0.5,16,35.56,0,73026
433,5,3,0,0.5,8,39.62,0,64350
434,0,0,0,0.5,8,39.62,0,42889
435,0,0,0,0.5,8,39.62,0,41789
436,15,3,0,0.5,16,35.56,0,62698
437,0,4,0,0.5,16,39.62,1,86779
438,2,3,6,1.0,16,38.1,0,64779
439,0,4,0,0.5,16,39.62,0,50765
440,0,3,0,0.5,8,39.62,0,51689
441,0,3,0,0.5,16,39.62,0,59389
442,3,3,0,0.5,16,35.56,0,71489
443,3,3,0,0.5,8,39.62,0,54989
444,0,3,0,1.0,16,35.56,0,73698
445,0,3,0,0.5,8,39.62,0,54989
447,7,2,0,0.5,16,35.56,0,71489
449,5,3,0,0.5,16,39.62,0,60489
450,3,6,0,0.5,16,39.62,0,85789
451,0,4,0,0.5,16,35.56,0,60489
453,14,3,0,0.5,16,39.62,0,80289
454,0,3,0,0.5,16,39.62,0,73689
455,0,3,0,0.5,8,39.62,0,59389
456,11,0,0,0.5,8,39.62,0,28589
457,0,3,0,0.5,16,39.62,0,82390
458,8,11,0,0.125,4,39.62,0,23089
459,3,4,0,0.5,16,40.64,0,59279
460,0,0,0,0.5,8,39.62,0,41789
461,0,2,0,0.5,16,35.56,1,94598
462,0,3,0,0.5,8,39.62,0,51689
463,0,3,0,0.5,16,39.62,0,59389
464,2,3,0,0.5,8,39.62,0,52789
465,14,3,0,0.5,8,39.62,0,63789
466,0,0,0,0.5,8,39.62,0,41789
467,0,3,0,0.5,16,35.56,1,86314
468,8,0,0,0.25,8,35.56,0,41798
469,0,3,0,0.5,16,39.62,1,109998
471,0,3,0,0.5,8,39.62,0,51689
472,0,3,0,0.5,16,39.62,0,59389
473,2,0,0,0.5,8,39.62,1,48840
474,0,3,0,1.0,16,35.56,0,73698
475,0,3,0,0.5,8,39.62,0,54989
476,3,6,0,0.5,16,39.62,0,74789
477,2,3,0,0.5,8,35.56,1,51678
478,5,0,0,0.5,8,39.62,0,40689
479,0,12,0,0.25,8,39.62,1,26838
480,3,6,0,0.5,16,39.62,0,85789
481,0,4,0,0.5,16,35.56,0,60489
483,3,0,0,2.0,8,35.56,0,35750
484,0,3,0,0.5,16,39.62,0,73689
485,0,3,0,0.5,8,39.62,0,59389
486,8,3,0,0.5,8,39.62,0,32989
487,5,6,0,0.5,16,39.62,0,85569
488,0,6,0,0.5,8,38.1,1,67540
489,8,2,0,0.5,16,35.56,0,60489
490,0,0,0,0.5,8,39.62,0,42889
491,0,0,0,0.5,8,39.62,0,41789
492,0,0,8,0.5,8,35.56,1,37939
493,3,6,0,0.5,16,39.62,0,70389
494,0,3,0,0.5,8,39.62,0,51689
495,0,3,0,0.5,16,39.62,0,59389
497,0,3,0,0.5,16,39.62,0,75240
498,0,3,0,0.5,8,39.62,0,66539
499,0,3,0,1.0,16,35.56,0,73698
500,0,3,0,0.5,8,39.62,0,54989
501,2,3,0,0.5,16,40.64,0,76989
502,4,6,0,0.5,16,39.62,0,103214
503,3,6,0,0.5,16,39.62,0,85789
504,0,4,0,0.5,16,35.56,0,60489
506,4,21,0,0.25,8,39.62,0,36289
507,0,0,0,0.5,8,39.62,1,42350
508,8,3,0,0.5,8,39.62,0,32989
509,0,3,0,0.5,16,39.62,0,73689
510,0,3,0,0.5,8,39.62,0,59389
511,0,3,0,0.5,8,39.62,0,63789
512,4,3,6,0.25,8,33.78,1,77319
513,0,0,0,0.5,8,39.62,0,42889
514,0,0,0,0.5,8,39.62,0,41789
515,3,4,0,0.5,16,39.62,0,64889
517,3,22,0,0.5,16,39.62,1,67037
518,3,5,4,0.0625,4,35.56,1,28326
519,0,3,0,0.5,8,39.62,0,51689
520,0,3,0,0.5,16,39.62,0,59389
521,5,3,0,0.5,8,39.62,0,60489
522,0,0,0,0.5,8,39.62,0,50488
523,0,3,0,0.5,8,39.62,0,51689
524,5,4,0,0.5,8,35.56,0,52789
525,5,3,0,0.5,8,39.62,0,76989
526,0,0,0,0.5,8,39.62,0,42889
527,0,3,0,0.5,16,39.62,0,59389
528,0,9,0,0.5,8,39.62,0,40689
529,3,4,0,0.5,16,35.56,0,76989
531,0,7,0,0.5,8,35.56,1,45100
532,0,3,0,0.5,8,39.62,0,54989
533,3,3,0,1.0,8,39.62,1,61589
534,3,2,0,0.5,16,39.62,0,65989
535,3,6,0,0.5,16,39.62,0,85789
536,0,4,0,0.5,16,35.56,0,60489
537,4,3,9,0.5,8,35.56,1,48939
538,8,11,0,0.125,4,39.62,0,23089
540,3,4,0,0.5,16,39.62,0,78100
541,0,3,0,0.5,16,39.62,0,73689
542,0,3,0,0.5,8,39.62,0,59389
543,4,3,0,0.5,16,39.62,0,98613
544,5,4,0,0.5,8,39.62,0,52525
545,0,0,0,0.5,8,39.62,0,42889
546,0,0,0,0.5,8,39.62,0,41789
547,3,22,0,1.0,16,35.56,1,71930
548,4,0,10,0.25,8,35.56,1,39589
549,4,9,0,0.5,8,35.0,0,42017
551,0,3,0,0.5,8,39.62,0,51689
552,0,3,0,0.5,16,39.62,0,59389
554,0,0,0,0.25,8,35.56,0,40359
555,0,3,0,1.0,16,35.56,0,73698
556,0,3,0,0.5,8,39.62,0,54989
557,2,2,0,0.5,16,39.62,1,65329
558,5,3,6,1.0,8,39.62,0,50590
560,7,2,0,2.0,16,40.64,0,106553
561,3,6,0,0.5,16,39.62,0,85789
562,0,4,0,0.5,16,35.56,0,60489
564,3,5,0,0.5,8,39.62,0,30789
565,0,3,0,0.5,16,39.62,0,73689
566,0,3,0,0.5,8,39.62,0,59389
568,3,6,0,0.5,16,39.62,0,71489
570,0,2,0,0.5,16,39.62,1,90189
571,0,0,0,0.5,8,39.62,0,42889
572,0,0,0,0.5,8,39.62,0,41789
573,3,3,0,0.5,16,43.94,0,64680
574,0,3,0,0.5,16,40.89,0,69289
575,0,3,0,0.5,8,39.62,0,51689
576,0,3,0,0.5,16,39.62,0,59389
578,4,3,0,0.5,8,35.56,0,54998
579,4,3,5,0.5,8,35.56,0,65549
580,0,3,0,1.0,16,35.56,0,73698
581,2,3,6,1.0,16,38.1,0,64779
582,2,6,0,1.0,16,40.64,0,115489
583,3,6,0,0.5,16,39.62,0,85789
584,0,4,0,0.5,16,35.56,0,60489
585,0,4,0,0.5,8,39.62,1,56089
586,3,7,0,2.0,16,39.62,0,58289
587,3,3,0,0.5,16,40.64,1,100089
588,2,0,0,0.5,8,90.32,0,39468
589,0,3,0,0.5,8,39.62,0,59389
590,0,2,0,0.5,16,39.62,1,90189
591,5,0,0,0.25,4,39.62,0,32450
592,0,3,0,0.5,8,39.62,0,51689
593,0,3,0,1.0,16,35.56,0,73698
594,4,4,0,0.5,16,35.56,0,54450
595,3,3,0,0.5,16,35.56,0,91289
596,0,8,2,0.5,8,35.56,0,26389
597,0,3,0,1.0,8,39.62,0,72871
598,0,3,0,0.5,16,39.62,0,73689
599,0,0,0,0.5,8,39.62,0,42889
600,4,3,0,0.5,8,40.64,0,70389
601,7,6,0,0.5,16,39.62,0,82489
602,0,0,0,0.5,8,39.62,0,41789
603,0,3,0,0.5,16,39.62,0,59389
604,2,3,8,2.0,16,39.62,0,65989
606,4,4,0,0.5,8,39.62,0,43989
607,3,2,0,1.0,16,40.64,0,96789
608,0,3,0,0.5,8,39.62,0,54989
609,0,4,0,0.5,16,35.56,0,60489
610,2,2,0,0.5,16,39.62,0,110209
611,5,0,6,0.25,4,39.62,0,35189
612,3,6,0,0.5,16,39.62,0,85789
613,0,3,0,0.5,8,39.62,0,59389
614,2,3,5,0.25,8,35.56,1,45100
615,5,0,6,0.25,4,39.62,0,35189
616,0,4,6,0.5,16,35.56,0,53240
617,4,2,8,0.5,16,35.56,0,109989
618,2,3,0,0.5,16,39.62,0,71489
619,2,3,0,0.5,16,39.62,0,100089
620,0,9,0,0.5,8,39.62,0,41525
621,3,6,0,0.5,16,39.62,0,104489
622,0,0,0,0.5,8,39.62,0,42889
623,0,0,0,0.5,8,39.62,0,41789
624,3,6,0,0.5,16,39.62,1,82489
626,2,3,0,0.5,16,39.62,1,53889
627,3,21,0,0.25,4,35.56,0,29579
628,0,3,0,0.5,8,39.62,0,51689
629,0,3,0,0.5,16,39.62,0,59389
630,0,0,0,0.5,8,35.56,0,48730
631,0,4,6,0.5,8,39.62,0,62698
632,0,3,0,0.5,8,39.62,0,54989
633,0,3,0,1.0,16,35.56,0,73698
634,4,3,0,0.5,8,35.56,0,53441
636,7,3,0,4.0,8,39.62,0,53889
637,0,3,0,0.5,8,39.62,0,54989
638,0,3,0,0.5,16,39.62,0,59389
639,0,4,0,0.5,16,38.86,0,69289
640,5,3,0,0.5,8,39.62,0,51689
641,0,4,0,0.5,16,35.56,0,60489
643,4,3,0,0.5,8,39.62,0,55990
644,3,0,0,0.25,8,39.62,0,43450
645,0,3,0,1.0,16,35.56,0,73698
646,0,3,0,0.5,16,39.62,0,73689
647,2,3,0,0.5,16,39.62,0,58289
648,0,0,0,0.5,8,39.62,0,41789
649,3,6,0,0.5,16,39.62,0,85789
651,2,3,0,0.5,16,39.62,0,71489
652,0,3,0,0.5,8,39.62,0,66539
653,0,3,10,0.5,8,33.78,1,81860
654,0,3,0,0.5,16,40.89,1,70950
655,0,0,0,0.5,8,39.62,0,42889
656,0,0,0,0.5,8,39.62,0,41789
657,0,9,0,0.5,8,39.62,0,41525
658,3,3,0,0.5,16,39.62,1,81400
659,3,3,6,0.5,8,39.62,0,60489
660,4,0,0,1.0,8,39.62,0,51579
661,0,3,0,0.5,8,39.62,0,51689
662,5,0,6,0.25,4,39.62,0,35189
663,0,4,6,0.5,16,35.56,0,53240
664,0,3,0,1.0,16,35.56,0,73698
665,0,3,0,0.5,8,39.62,0,54989
666,4,2,8,0.5,16,35.56,0,109989
667,2,3,5,0.25,8,35.56,1,45100
668,3,21,0,0.25,4,35.56,0,29579
669,3,6,0,0.5,16,39.62,1,82489
670,3,6,0,0.5,16,39.62,0,85789
672,2,3,0,0.5,16,39.62,1,53889
673,0,3,0,0.5,16,39.62,0,73689
674,0,3,0,0.5,8,39.62,0,59389
675,3,6,0,0.5,16,39.62,0,104489
676,0,0,0,0.5,8,35.56,0,48730
677,7,0,0,0.5,8,35.56,0,46189
678,0,2,0,0.5,16,39.62,0,100904
679,0,0,0,0.5,8,39.62,0,42889
680,0,0,0,0.5,8,39.62,0,41789
681,3,2,0,0.5,16,35.56,0,107789
682,0,4,6,0.5,8,40.89,0,64790
683,0,3,0,0.5,8,39.62,0,51689
684,0,3,0,0.5,16,39.62,0,59389
685,3,2,0,0.5,16,39.62,1,107017
686,0,0,0,0.5,8,39.62,1,40139
687,0,4,6,0.5,16,35.56,0,53240
689,0,3,0,1.0,16,35.56,0,73698
690,0,3,0,0.5,8,39.62,0,54989
691,0,3,0,0.5,8,40.89,0,77979
692,3,3,6,0.5,8,39.62,0,60489
693,3,6,0,0.5,16,39.62,0,85789
694,0,4,0,0.5,16,35.56,0,60489
695,2,0,0,0.25,8,39.62,0,37939
697,2,3,5,0.25,8,35.56,1,45100
698,7,3,0,2.0,8,39.62,0,80289
699,0,3,0,0.5,16,39.62,0,73689
700,0,3,0,0.5,8,39.62,0,59389
701,0,7,0,0.5,16,39.62,0,55099
702,0,6,0,0.5,16,35.56,0,68959
703,0,0,0,0.5,8,39.62,0,41789
704,0,3,0,0.5,8,39.62,0,51689
705,0,0,0,0.5,8,35.56,0,42339
706,0,2,0,1.0,16,35.56,0,109835
707,0,3,6,0.25,8,33.78,0,70830
709,0,0,0,0.5,8,39.62,0,42889
710,0,3,0,0.5,16,39.62,0,59389
711,3,0,6,0.5,4,35.56,0,46750
712,0,0,6,0.5,4,39.62,0,34100
713,0,3,0,0.5,8,39.62,0,54989
714,5,0,0,0.25,8,39.62,1,35189
715,3,0,0,0.5,8,39.62,1,35739
717,3,6,0,0.5,16,39.62,0,85789
718,0,3,0,0.5,16,39.62,0,73689
719,0,3,0,0.5,8,39.62,0,59389
720,12,2,0,0.5,16,39.62,0,56089
721,17,3,0,0.5,8,35.56,0,71238
722,10,11,0,0.25,8,35.81,0,24189
723,3,6,0,0.5,16,39.62,0,78089
724,0,0,0,0.5,8,39.62,0,42889
725,0,0,0,0.5,8,39.62,0,41789
726,4,3,0,0.5,8,35.56,1,54945
727,0,3,0,0.5,8,39.62,0,51689
728,0,3,0,0.5,16,39.62,0,59389
729,3,2,0,0.5,16,35.56,0,107789
731,4,0,0,0.25,8,38.0,0,42669
732,0,3,0,1.0,16,35.56,0,73698
733,0,3,0,0.5,8,39.62,0,54989
734,3,3,0,0.5,16,39.62,0,94380
735,3,6,0,0.5,16,39.62,0,85789
736,0,4,0,0.5,16,35.56,0,60489
737,4,3,6,1.0,8,39.62,0,57418
738,0,0,6,0.5,8,39.62,0,44550
739,2,6,0,1.0,16,33.78,1,94326
740,0,0,0,0.5,8,39.62,0,42889
741,0,0,0,0.5,8,39.62,0,41789
742,7,2,0,0.5,8,35.56,0,67089
743,17,3,0,0.5,8,35.56,0,71238
744,0,3,0,0.5,8,39.62,0,51689
745,0,3,0,0.5,16,39.62,0,59389
746,4,3,5,0.5,8,35.56,1,84689
747,3,7,0,0.5,16,35.56,1,57189
749,0,5,0,0.5,8,39.62,0,35160
750,0,3,0,1.0,16,35.56,0,73698
751,0,3,0,0.5,8,39.62,0,54989
753,3,3,0,0.5,16,39.62,1,70620
754,3,6,0,0.5,16,39.62,0,85789
755,0,4,0,0.5,16,35.56,0,60489
756,3,7,0,0.5,16,39.62,1,62689
757,3,27,0,0.5,16,39.62,1,75020
758,3,3,6,1.0,8,39.62,0,87780
759,0,3,0,0.5,16,39.62,0,73689
760,0,3,0,0.5,8,39.62,0,59389
761,16,3,0,0.25,16,31.5,1,109989
762,2,3,0,0.5,8,35.56,1,48791
763,0,0,0,0.5,8,39.62,0,41789
764,0,3,0,0.5,8,39.62,0,51689
765,2,3,0,0.5,16,39.62,0,82489
766,4,0,0,0.5,8,35.56,1,59398
767,4,3,5,0.5,16,39.62,0,68750
769,0,0,0,0.5,8,39.62,0,42889
770,0,3,0,0.5,16,39.62,0,59389
771,4,21,0,0.25,8,39.62,0,36289
772,3,3,0,0.5,16,40.64,0,84689
773,0,3,0,1.0,16,35.56,0,73698
774,0,3,0,0.5,8,39.62,0,54989
775,12,2,0,0.5,16,39.62,0,56089
776,4,7,0,1.0,8,39.62,0,54439
777,3,7,0,0.5,16,39.62,1,63529
778,0,28,0,0.5,8,35.56,0,36179
779,3,6,0,0.5,16,39.62,0,85789
780,0,4,0,0.5,16,35.56,0,60489
782,0,3,0,0.5,16,39.62,0,73689
783,3,3,6,0.5,8,39.62,0,74250
784,0,3,0,0.5,8,39.62,0,75680
785,6,3,0,0.5,16,33.78,0,71489
787,0,12,2,0.25,4,39.62,0,21228
789,0,3,0,0.5,8,39.62,0,59389
790,0,8,2,0.5,8,39.62,0,26398
791,0,4,0,0.5,8,39.62,0,60489
792,0,3,0,0.5,8,39.62,0,54989
793,0,3,0,0.5,8,39.62,0,51689
794,0,3,0,0.5,16,39.62,0,60489
795,14,3,0,0.5,16,39.62,0,69289
796,8,11,0,0.5,8,39.01,0,26389
797,3,3,0,0.5,8,39.62,0,52789
798,0,3,0,0.5,8,35.56,0,63448
799,0,4,0,0.5,16,35.56,0,60489
800,0,0,0,0.5,8,39.62,0,41789
801,0,3,0,0.5,8,39.62,0,63789
802,0,0,0,0.5,8,39.62,0,42889
803,2,5,4,0.0625,4,29.46,0,17589
804,0,3,0,0.5,8,39.62,0,54989
805,3,6,0,0.5,16,39.62,0,85789
806,0,4,0,0.5,16,35.56,0,60489
807,0,3,0,0.5,16,40.89,0,104489
808,0,0,0,0.5,8,39.62,0,42889
809,3,3,0,0.5,16,39.62,1,67650
810,0,0,0,0.5,8,39.62,0,42889
811,8,2,0,0.5,16,35.56,0,53889
813,0,0,0,0.5,8,39.62,0,41789
814,0,3,0,1.0,16,35.56,0,73698
815,7,3,0,2.0,8,39.62,0,80289
816,0,3,0,0.5,8,39.62,0,54989
817,0,3,0,0.5,16,39.62,0,73689
818,0,2,0,1.0,16,35.56,0,85910
819,0,3,0,0.5,8,39.62,0,51689
820,0,6,0,0.5,16,40.89,0,96963
821,4,3,0,0.5,16,39.62,0,40267
822,0,7,6,0.5,8,39.62,0,27314
823,0,3,0,0.5,8,35.56,0,65888
824,5,4,0,0.5,8,39.62,0,73700
825,0,3,0,0.5,16,39.62,0,59389
826,0,4,0,0.5,16,35.56,0,60489
827,0,3,0,1.0,16,35.56,0,73698
828,4,0,0,0.5,8,39.62,0,43439
829,0,4,0,0.5,16,35.56,0,60489
830,0,0,0,0.5,8,39.62,1,48840
831,4,0,0,0.5,8,39.62,1,42339
832,0,4,0,0.5,8,39.62,0,47289
833,4,0,0,1.0,8,35.56,1,66539
834,7,2,0,4.0,16,43.94,0,97889
835,8,3,0,0.5,8,39.62,0,41789
836,0,4,6,0.5,16,33.78,0,77550
